{
	"pages": [ //pages数组中第一项表示应用启动页，参考：https://uniapp.dcloud.io/collocation/pages
		{
			"path": "pages/home/home",
			"style": {
				"navigationStyle": "custom", // 隐藏默认导航
				"navigationBarBackgroundColor": "#76EEC6",
				"navigationBarTextStyle": "white",
				"navigationBarTitleText": "首页"
			}
		},
		{
			"path": "pages/uniCard/uniCard",
			"style": {
				// "navigationStyle": "custom", // 隐藏默认导航
				"navigationBarBackgroundColor": "#76EEC6",
				"navigationBarTextStyle": "white",
				"navigationBarTitleText": "uniCard"
			}
		},
		{
			"path": "pages/query/query",
			"style": {
				"navigationStyle": "custom", // 隐藏默认导航
				"navigationBarBackgroundColor": "#76EEC6",
				"navigationBarTextStyle": "white",
				"navigationBarTitleText": "查询"
			}
		},
		{
			"path": "pages/table3/table3",
			"style": {
				"navigationStyle": "custom", // 隐藏默认导航
				"navigationBarBackgroundColor": "#76EEC6",
				"navigationBarTextStyle": "white",
				"navigationBarTitleText": "我的"
			}
		},
		{
			"path": "pages/mine/mine",
			"style": {
				"navigationStyle": "custom", // 隐藏默认导航
				"navigationBarBackgroundColor": "#76EEC6",
				"navigationBarTextStyle": "white",
				"navigationBarTitleText": "我的"
			}
		},
		{
			"path": "pages/login/login",
			"style": {
				"navigationStyle": "custom", // 隐藏默认导航
				"navigationBarBackgroundColor": "#76EEC6",
				"navigationBarTextStyle": "white",
				"navigationBarTitleText": "登录"
			}
		},
		{
			"path": "pages/result/result",
			"style": {
				"navigationStyle": "custom", // 隐藏默认导航
				"navigationBarBackgroundColor": "#76EEC6",
				"navigationBarTextStyle": "white",
				"navigationBarTitleText": "结果"
			}
		},
		{
			"path": "pages/test-page-nav/test-page-nav",
			"style": {
				"navigationStyle": "custom", // 隐藏默认导航
				"navigationBarBackgroundColor": "#76EEC6",
				"navigationBarTextStyle": "white",
				"navigationBarTitleText": "筛查指引"
			}
		},
		{
			"path": "pages/test-page-nav/evaluate-form/evaluate-form",
			"style": {
				"navigationStyle": "custom", // 隐藏默认导航
				"navigationBarBackgroundColor": "#76EEC6",
				"navigationBarTextStyle": "white",
				"navigationBarTitleText": "阿尔兹海默病筛查"
			}
		},
		{
			"path": "pages/test-page-nav/mini-cog/mini-cog",
			"style": {
				"navigationStyle": "custom", // 隐藏默认导航
				"navigationBarBackgroundColor": "#76EEC6",
				"navigationBarTextStyle": "white",
				"navigationBarTitleText": "Mini-Cog量表"
			}
		},
		{
			"path" : "pages/test-page-nav/moca/moca",
			"style" : 
			{
				"navigationBarTitleText" : "",
				"enablePullDownRefresh" : false
			}
		},
		{
			"path" : "pages/test-page-nav/his/his",
			"style" : 
			{
				"navigationBarTitleText" : "",
				"enablePullDownRefresh" : false
			}
		},
		{
			"path" : "pages/test-page-nav/mmse/mmse",
			"style" : 
			{
				"navigationBarTitleText" : "",
				"enablePullDownRefresh" : false
			}
		}
	],
	"tabBar": {
		"borderStyle": "black",

		"selectedColor": "#76EEC6",

		"list": [{
				"pagePath": "pages/home/home",
				"text": "首页",
				"iconPath": "static/home.png",
				"selectedIconPath": "static/home_active.png"
			},
			{
				"pagePath": "pages/result/result",
				"text": "结果",
				"iconPath": "static/result.png",
				"selectedIconPath": "static/result_active.png"
			},
			{
				"pagePath": "pages/mine/mine",
				"text": "我的",
				"iconPath": "static/mine.png",
				"selectedIconPath": "static/mine_active.png"
			}
		]
	},
	"globalStyle": {
		"navigationBarTextStyle": "black",
		"navigationBarTitleText": "uni-app",
		"navigationBarBackgroundColor": "#F8F8F8",
		"backgroundColor": "#F8F8F8"
	},
	"uniIdRouter": {}
}